,Unnamed: 0.2,Unnamed: 0.1,Unnamed: 0,date,accuracy_1_%,accuracy_2_%,accuracy_3_%,accuracy_all_%,accuracy_1_avg,accuracy_2_avg,accuracy_3_avg,accuracy_all_avg,year,month,day,weekday,cost_1,cost_2,cost_3,quality_123,quality_13,quality_12
0,0,0,0,2024-07-01,27.5,38.8,5.4,49.6,1.321,1.523,1.185,2.052,2024,7,1,0,1100.0,11290.32258064516,2700.0,580.2598,314.15000000000003,556.3000000000001
1,1,1,1,2024-07-02,26.8,38.9,5.7,49.5,1.333,1.511,1.2,2.048,2024,7,2,1,1072.0,11290.32258064516,2850.0,578.2413640000001,309.724,552.748
2,2,2,2,2024-07-03,26.0,38.0,6.0,48.6,1.303,1.508,1.201,2.025,2024,7,3,2,1040.0,11290.32258064516,3000.0,568.7280000000001,304.4,541.2
3,3,3,3,2024-07-04,26.2,37.9,5.7,48.3,1.339,1.518,1.214,2.061,2024,7,4,3,1048.0,11290.32258064516,2850.0,567.824986,304.06600000000003,541.702
4,4,4,4,2024-07-05,26.5,37.8,5.5,48.4,1.323,1.522,1.224,2.054,2024,7,5,4,1060.0,11290.32258064516,2750.0,567.97435,305.42500000000007,542.8299999999999
5,5,5,5,2024-07-06,26.6,39.5,5.6,49.2,1.298,1.537,1.213,2.07,2024,7,6,5,1064.0,11290.32258064516,2800.0,580.7979200000001,307.10400000000004,555.9300000000001
6,6,6,6,2024-07-07,26.7,39.1,5.7,49.4,1.306,1.542,1.234,2.07,2024,7,7,6,1068.0,11290.32258064516,2850.0,579.0476289999999,308.78100000000006,553.6030000000001
7,7,7,7,2024-07-08,26.4,38.3,5.5,48.5,1.32,1.504,1.237,2.047,2024,7,8,0,1056.0,11290.32258064516,2750.0,570.8641600000001,304.4800000000001,545.888
8,8,8,8,2024-07-09,26.7,38.1,5.6,48.4,1.314,1.505,1.213,2.048,2024,7,9,1,1068.0,11290.32258064516,2800.0,571.681712,308.0480000000001,546.273
9,9,9,9,2024-07-10,26.1,37.7,5.6,48.0,1.33,1.519,1.2,2.059,2024,7,10,2,1044.0,11290.32258064516,2800.0,565.385232,302.38400000000007,539.6030000000001
10,10,10,10,2024-07-11,26.8,38.5,6.1,48.8,1.309,1.505,1.232,2.062,2024,7,11,3,1072.0,11290.32258064516,3050.0,577.28098,312.65199999999993,549.8199999999999
11,11,11,11,2024-07-12,26.6,38.1,5.8,48.8,1.313,1.491,1.169,2.022,2024,7,12,4,1064.0,11290.32258064516,2900.0,572.0060680000001,308.57200000000006,545.6540000000001
12,12,12,12,2024-07-13,26.4,39.4,6.0,49.3,1.333,1.515,1.22,2.071,2024,7,13,5,1056.0,11290.32258064516,3000.0,580.74496,308.1600000000001,553.9839999999999
13,13,13,13,2024-07-14,26.3,39.0,5.7,49.0,1.333,1.511,1.235,2.063,2024,7,14,6,1052.0,11290.32258064516,2850.0,576.0554900000001,305.00900000000007,550.43
14,14,14,14,2024-07-15,26.4,39.3,5.8,49.4,1.339,1.518,1.228,2.069,2024,7,15,0,1056.0,11290.32258064516,2900.0,579.1596160000001,306.68800000000005,553.2479999999999
15,15,15,15,2024-07-16,26.3,38.9,5.6,48.7,1.319,1.531,1.197,2.074,2024,7,16,1,1052.0,11290.32258064516,2800.0,574.910192,304.2720000000001,549.693
16,16,16,16,2024-07-17,26.5,38.0,5.5,48.2,1.328,1.535,1.195,2.079,2024,7,17,2,1060.0,11290.32258064516,2750.0,569.3635,305.42500000000007,544.3
17,17,17,17,2024-07-18,26.2,37.8,5.7,48.2,1.329,1.511,1.166,2.048,2024,7,18,3,1048.0,11290.32258064516,2850.0,567.129052,304.06600000000003,540.964
18,18,18,18,2024-07-19,26.8,39.2,5.7,49.6,1.301,1.493,1.189,2.021,2024,7,19,4,1072.0,11290.32258064516,2850.0,580.3121920000001,309.724,554.9440000000001
19,19,19,19,2024-07-20,27.4,38.9,6.6,49.7,1.312,1.522,1.177,2.068,2024,7,20,5,1096.0,11290.32258064516,3300.0,585.690676,321.9160000000001,556.414
20,20,20,20,2024-07-21,27.4,38.6,5.9,49.3,1.328,1.514,1.174,2.066,2024,7,21,6,1096.0,11290.32258064516,2950.0,580.536076,316.83400000000006,554.236
21,21,21,21,2024-07-22,26.7,38.0,5.7,48.6,1.326,1.521,1.197,2.059,2024,7,22,0,1068.0,11290.32258064516,2850.0,571.4442200000001,308.78100000000006,545.5400000000001
22,22,22,22,2024-07-23,26.9,38.0,5.6,48.6,1.328,1.518,1.193,2.06,2024,7,23,1,1076.0,11290.32258064516,2800.0,572.16032,309.936,546.78
23,23,23,23,2024-07-24,27.0,37.8,5.6,48.8,1.311,1.506,1.222,2.032,2024,7,24,2,1080.0,11290.32258064516,2800.0,571.36736,310.88000000000005,545.9399999999998
24,24,24,24,2024-07-25,28.0,39.9,5.8,50.5,1.325,1.51,1.197,2.067,2024,7,25,3,1120.0,11290.32258064516,2900.0,592.37776,321.76000000000005,567.28
25,25,25,25,2024-07-26,27.3,38.9,6.1,49.5,1.33,1.526,1.186,2.08,2024,7,26,4,1092.0,11290.32258064516,3050.0,582.8990170000001,317.3469999999999,555.803
26,26,26,26,2024-07-27,27.4,38.1,6.1,48.8,1.308,1.494,1.215,2.049,2024,7,27,5,1096.0,11290.32258064516,3050.0,578.019034,318.28599999999994,550.606
27,27,27,27,2024-07-28,26.6,38.7,5.9,49.1,1.32,1.499,1.218,2.043,2024,7,28,6,1064.0,11290.32258064516,2950.0,576.604578,309.3060000000001,550.058
28,28,28,28,2024-07-29,26.0,38.0,5.9,48.0,1.327,1.498,1.208,2.052,2024,7,29,0,1040.0,11290.32258064516,2950.0,568.2692000000001,303.66,541.2
29,29,29,29,2024-07-30,26.8,37.5,5.9,48.1,1.319,1.492,1.217,2.044,2024,7,30,1,1072.0,11290.32258064516,2950.0,569.4925,311.18800000000005,542.5
30,30,30,30,2024-07-31,26.1,37.3,5.6,47.6,1.319,1.515,1.191,2.05,2024,7,31,2,1044.0,11290.32258064516,2800.0,562.594768,302.38400000000007,536.6469999999999
31,31,31,31,2024-08-01,26.5,37.8,6.0,48.3,1.335,1.522,1.192,2.07,2024,8,1,3,1060.0,11290.32258064516,3000.0,570.2601999999999,309.1,542.8299999999999
32,32,32,32,2024-08-02,26.8,37.7,5.9,48.5,1.325,1.513,1.206,2.059,2024,8,2,4,1072.0,11290.32258064516,2950.0,570.870124,311.18800000000005,543.964
33,33,33,33,2024-08-03,26.0,37.6,5.8,47.7,1.333,1.5,1.183,2.055,2024,8,3,5,1040.0,11290.32258064516,2900.0,565.0220800000001,302.9200000000001,538.24
34,34,34,34,2024-08-04,26.1,37.8,6.0,48.3,1.322,1.504,1.213,2.044,2024,8,4,6,1044.0,11290.32258064516,3000.0,567.92148,305.34000000000003,540.3419999999999
35,35,35,35,2024-08-05,26.3,38.3,5.6,48.3,1.324,1.493,1.189,2.039,2024,8,5,0,1052.0,11290.32258064516,2800.0,570.735824,304.2720000000001,545.2710000000001
36,36,36,36,2024-08-06,26.4,38.1,5.3,48.1,1.332,1.5,1.208,2.047,2024,8,6,1,1056.0,11290.32258064516,2650.0,568.561952,303.00800000000004,544.416
37,37,37,37,2024-08-07,26.4,38.6,5.4,48.5,1.311,1.495,1.194,2.034,2024,8,7,2,1056.0,11290.32258064516,2700.0,572.4988159999999,303.744,548.096
38,38,38,38,2024-08-08,26.5,38.2,5.7,48.6,1.32,1.485,1.187,2.026,2024,8,8,3,1060.0,11290.32258064516,2850.0,571.66111,306.89500000000004,545.7700000000001
39,39,39,39,2024-08-09,27.1,38.5,5.7,48.7,1.33,1.513,1.215,2.077,2024,8,9,4,1084.0,11290.32258064516,2850.0,577.220095,312.55300000000005,551.6650000000001
40,40,40,40,2024-08-10,28.0,39.6,6.2,50.2,1.333,1.52,1.229,2.094,2024,8,10,5,1120.0,11290.32258064516,3100.0,592.0825600000001,324.64000000000004,565.1200000000001
41,41,41,41,2024-08-11,26.7,38.7,6.0,49.1,1.329,1.513,1.198,2.06,2024,8,11,6,1068.0,11290.32258064516,3000.0,577.6307400000001,310.98,550.671
42,42,42,42,2024-08-12,26.1,37.1,5.8,47.6,1.336,1.508,1.199,2.055,2024,8,12,0,1044.0,11290.32258064516,2900.0,562.1291980000001,303.8620000000001,535.169
43,43,43,43,2024-08-13,26.3,38.3,5.5,48.4,1.324,1.539,1.232,2.077,2024,8,13,1,1052.0,11290.32258064516,2750.0,570.281095,303.535,545.2710000000001
44,44,44,44,2024-08-14,26.3,37.3,5.8,47.8,1.328,1.505,1.204,2.052,2024,8,14,2,1052.0,11290.32258064516,2900.0,564.7027420000001,305.7460000000001,537.901
45,45,45,45,2024-08-15,26.7,38.2,5.6,49.1,1.319,1.495,1.194,2.02,2024,8,15,3,1068.0,11290.32258064516,2800.0,572.373664,308.0480000000001,547.006
46,46,46,46,2024-08-16,27.1,38.7,5.9,49.0,1.331,1.503,1.211,2.067,2024,8,16,4,1084.0,11290.32258064516,2950.0,579.488743,314.011,553.123
47,47,47,47,2024-08-17,26.6,38.5,5.8,48.8,1.325,1.512,1.199,2.056,2024,8,17,5,1064.0,11290.32258064516,2900.0,574.77178,308.57200000000006,548.59
48,48,48,48,2024-08-18,27.1,38.1,5.7,48.7,1.323,1.515,1.23,2.067,2024,8,18,6,1084.0,11290.32258064516,2850.0,574.4703070000002,312.55300000000005,548.749
49,49,49,49,2024-08-19,26.2,37.9,5.8,48.0,1.334,1.498,1.183,2.058,2024,8,19,0,1048.0,11290.32258064516,2900.0,568.2832840000001,304.8040000000001,541.702
50,50,50,50,2024-08-20,26.4,37.8,5.9,48.3,1.313,1.498,1.192,2.036,2024,8,20,1,1056.0,11290.32258064516,2950.0,569.217728,307.42400000000004,542.2079999999999
51,51,51,51,2024-08-21,27.2,38.4,5.2,48.9,1.316,1.481,1.197,2.024,2024,8,21,2,1088.0,11290.32258064516,2600.0,574.8712960000001,309.856,551.552
52,52,52,52,2024-08-22,26.5,37.6,5.6,48.2,1.334,1.518,1.216,2.059,2024,8,22,3,1060.0,11290.32258064516,2800.0,567.0438399999999,306.1600000000001,541.36
53,53,53,53,2024-08-23,27.2,38.5,5.7,49.0,1.316,1.493,1.225,2.048,2024,8,23,4,1088.0,11290.32258064516,2850.0,577.8000400000001,313.4960000000001,552.28
54,54,54,54,2024-08-24,26.8,39.5,5.9,49.6,1.339,1.529,1.192,2.085,2024,8,24,5,1072.0,11290.32258064516,2950.0,583.2687400000001,311.18800000000005,557.14
55,55,55,55,2024-08-25,26.2,38.9,5.8,48.5,1.323,1.519,1.211,2.078,2024,8,25,6,1048.0,11290.32258064516,2900.0,575.2352440000001,304.8040000000001,549.0820000000001
56,56,56,56,2024-08-26,26.2,37.6,6.0,48.0,1.321,1.506,1.224,2.054,2024,8,26,0,1048.0,11290.32258064516,3000.0,567.11872,306.28,539.4879999999999
57,57,57,57,2024-08-27,26.7,38.5,5.4,48.7,1.32,1.499,1.174,2.038,2024,8,27,1,1068.0,11290.32258064516,2700.0,573.5479300000001,306.582,549.2049999999999
58,58,58,58,2024-08-28,26.4,37.8,5.5,48.0,1.329,1.514,1.201,2.059,2024,8,28,2,1056.0,11290.32258064516,2750.0,567.3865599999999,304.4800000000001,542.2079999999999
59,59,59,59,2024-08-29,26.5,37.8,5.4,48.3,1.33,1.485,1.177,2.022,2024,8,29,3,1060.0,11290.32258064516,2700.0,567.5171799999999,304.69,542.8299999999999
60,60,60,60,2024-08-30,26.5,38.2,5.6,48.5,1.334,1.504,1.197,2.054,2024,8,30,4,1060.0,11290.32258064516,2800.0,571.2068800000001,306.1600000000001,545.7700000000001
61,61,61,61,2024-08-31,26.7,38.5,5.5,48.7,1.323,1.489,1.221,2.042,2024,8,31,5,1068.0,11290.32258064516,2750.0,573.998725,307.315,549.2049999999999
62,62,62,62,2024-09-01,27.0,38.7,5.4,48.9,1.316,1.492,1.207,2.04,2024,9,1,6,1080.0,11666.666666666666,2700.0,576.67446,309.42,552.5100000000001
63,63,63,63,2024-09-02,26.4,38.4,5.2,48.4,1.339,1.497,1.391,2.072,2024,9,2,0,1056.0,11666.666666666666,2600.0,570.199552,302.2720000000001,546.624
64,64,64,64,2024-09-03,26.7,38.1,5.4,48.1,1.331,1.501,1.196,2.063,2024,9,3,1,1068.0,11666.666666666666,2700.0,570.774258,306.582,546.273
65,65,65,65,2024-09-04,26.2,38.1,5.4,48.1,1.311,1.493,1.2,2.029,2024,9,4,2,1048.0,11666.666666666666,2700.0,567.8463879999999,301.85200000000003,543.1779999999999
66,66,66,66,2024-09-05,25.7,37.5,5.3,47.4,1.31,1.485,1.186,2.016,2024,9,5,3,1028.0,11666.666666666666,2650.0,560.2368749999999,296.3790000000001,535.625
67,67,67,67,2024-09-06,25.6,37.1,5.2,47.2,1.316,1.506,1.23,2.033,2024,9,6,4,1024.0,11666.666666666666,2600.0,556.358752,294.68800000000005,532.024
68,68,68,68,2024-09-07,26.2,38.4,5.2,48.1,1.308,1.478,1.174,2.018,2024,9,7,5,1048.0,11666.666666666666,2600.0,569.031616,300.3760000000001,545.3919999999999
69,69,69,69,2024-09-08,25.7,37.9,5.4,47.4,1.317,1.479,1.228,2.035,2024,9,8,6,1028.0,11666.666666666666,2700.0,563.512762,297.122,538.597
70,70,70,70,2024-09-09,26.2,37.9,5.0,47.8,1.328,1.482,1.237,2.032,2024,9,9,0,1048.0,11666.666666666666,2500.0,564.6169000000001,298.90000000000003,541.702
71,71,71,71,2024-09-10,25.8,37.3,5.3,47.1,1.318,1.49,1.202,2.035,2024,9,10,1,1032.0,11666.666666666666,2650.0,559.423402,297.3260000000001,534.7660000000001
72,72,72,72,2024-09-11,25.8,37.2,5.7,47.3,1.328,1.505,1.197,2.056,2024,9,11,2,1032.0,11666.666666666666,2850.0,560.584632,300.29400000000004,534.024
73,73,73,73,2024-09-12,25.5,37.2,5.0,47.1,1.326,1.477,1.182,2.008,2024,9,12,3,1020.0,11666.666666666666,2500.0,555.533,292.25,532.1400000000001
74,74,74,74,2024-09-13,26.1,37.1,5.4,47.4,1.301,1.499,1.194,2.024,2024,9,13,4,1044.0,11666.666666666666,2700.0,560.2698740000001,300.906,535.169
75,75,75,75,2024-09-14,25.6,37.5,5.6,48.0,1.319,1.504,1.199,2.018,2024,9,14,5,1024.0,11666.666666666666,2800.0,561.04,297.66400000000004,535.0
76,76,76,76,2024-09-15,26.8,38.0,5.1,48.4,1.306,1.487,1.22,2.019,2024,9,15,6,1072.0,11666.666666666666,2550.0,569.3058400000001,305.33200000000005,546.16
77,77,77,77,2024-09-16,26.4,37.4,5.3,47.8,1.326,1.489,1.219,2.035,2024,9,16,0,1056.0,11666.666666666666,2650.0,563.6830080000001,303.00800000000004,539.264
78,78,78,78,2024-09-17,26.1,37.2,5.4,47.9,1.304,1.5,1.185,2.008,2024,9,17,1,1044.0,11666.666666666666,2700.0,560.968968,300.906,535.908
79,79,79,79,2024-09-18,25.8,36.9,5.2,47.2,1.313,1.48,1.204,2.006,2024,9,18,2,1032.0,11666.666666666666,2600.0,556.144504,296.58400000000006,531.798
80,80,80,80,2024-09-19,26.3,38.1,5.4,48.1,1.315,1.503,1.203,2.044,2024,9,19,3,1052.0,11666.666666666666,2700.0,568.431962,302.798,543.7970000000001
81,81,81,81,2024-09-20,26.0,37.2,5.5,47.6,1.312,1.517,1.169,2.036,2024,9,20,4,1040.0,11666.666666666666,2750.0,560.8396000000001,300.7000000000001,535.2800000000001
82,82,82,82,2024-09-21,25.9,37.6,5.6,47.9,1.317,1.494,1.184,2.028,2024,9,21,5,1036.0,11666.666666666666,2800.0,563.509504,300.4960000000001,537.616
83,83,83,83,2024-09-22,26.5,38.2,5.2,48.1,1.322,1.485,1.195,2.039,2024,9,22,6,1060.0,11666.666666666666,2600.0,569.3899600000001,303.22,545.7700000000001
84,84,84,84,2024-09-23,26.1,37.8,5.7,48.0,1.329,1.487,1.178,2.034,2024,9,23,0,1044.0,11666.666666666666,2850.0,566.542506,303.12300000000005,540.3419999999999
85,85,85,85,2024-09-24,24.8,36.7,5.3,46.5,1.306,1.478,1.206,2.001,2024,9,24,1,992.0,11666.666666666666,2650.0,549.212848,287.856,523.984
86,86,86,86,2024-09-25,26.0,37.4,5.2,47.6,1.316,1.495,1.21,2.025,2024,9,25,2,1040.0,11666.666666666666,2600.0,560.84848,298.4800000000001,536.76
87,87,87,87,2024-09-26,26.0,37.1,5.1,47.3,1.319,1.472,1.24,2.013,2024,9,26,3,1040.0,11666.666666666666,2550.0,558.27846,297.74,534.54
88,88,88,88,2024-09-27,26.5,37.7,5.4,48.1,1.315,1.473,1.195,2.015,2024,9,27,4,1060.0,11666.666666666666,2700.0,566.8218700000001,304.69,542.095
89,89,89,89,2024-09-28,26.6,38.9,5.5,48.9,1.312,1.493,1.193,2.034,2024,9,28,5,1064.0,11666.666666666666,2750.0,576.1920700000001,306.37,551.526
90,90,90,90,2024-09-29,27.2,38.8,5.8,49.3,1.328,1.482,1.184,2.038,2024,9,29,6,1088.0,11666.666666666666,2900.0,580.3050880000001,314.22400000000005,554.4639999999999
91,91,91,91,2024-09-30,26.1,37.6,5.3,48.0,1.301,1.476,1.19,1.997,2024,9,30,0,1044.0,11666.666666666666,2650.0,563.304208,300.1670000000001,538.864
92,92,92,92,2024-10-01,25.8,37.4,5.7,47.6,1.318,1.484,1.208,2.023,2024,10,1,1,1032.0,11290.32258064516,2850.0,561.984044,300.29400000000004,535.508
93,93,93,93,2024-10-02,26.1,38.0,5.7,48.1,1.315,1.495,1.202,2.034,2024,10,2,2,1044.0,11290.32258064516,2850.0,567.93626,303.12300000000005,541.8199999999999
94,94,94,94,2024-10-03,26.0,37.5,5.8,47.7,1.332,1.508,1.193,2.054,2024,10,3,3,1040.0,11290.32258064516,2900.0,564.3249999999999,302.9200000000001,537.5
95,95,95,95,2024-10-04,27.1,38.5,5.6,48.7,1.345,1.485,1.203,2.059,2024,10,4,4,1084.0,11290.32258064516,2800.0,576.77176,311.8240000000001,551.6650000000001
96,96,96,96,2024-10-05,26.2,37.6,5.5,47.9,1.331,1.514,1.213,2.057,2024,10,5,5,1048.0,11290.32258064516,2750.0,564.8161600000001,302.59000000000003,539.4879999999999
97,97,97,97,2024-10-06,25.7,37.5,6.0,47.6,1.316,1.499,1.232,2.046,2024,10,6,6,1028.0,11290.32258064516,3000.0,563.4875000000001,301.5800000000001,535.625
98,98,98,98,2024-10-07,25.6,37.4,5.7,47.5,1.336,1.504,1.226,2.052,2024,10,7,0,1024.0,11290.32258064516,2850.0,560.8034080000001,298.408,534.2560000000001
99,99,99,99,2024-10-08,25.5,36.0,5.2,46.8,1.321,1.466,1.2,1.983,2024,10,8,1,1020.0,11290.32258064516,2600.0,547.9936000000001,293.74,523.2
100,100,100,100,2024-10-09,26.1,36.7,5.6,46.9,1.32,1.484,1.199,2.036,2024,10,9,2,1044.0,11290.32258064516,2800.0,558.409072,302.38400000000007,532.2130000000001
101,101,101,101,2024-10-10,25.1,37.2,5.3,47.1,1.316,1.5,1.214,2.023,2024,10,10,3,1004.0,11290.32258064516,2650.0,554.5577160000001,290.697,529.628
102,102,102,102,2024-10-11,26.1,37.6,5.7,47.7,1.313,1.485,1.222,2.037,2024,10,11,4,1044.0,11290.32258064516,2850.0,565.1487520000001,303.12300000000005,538.864
103,103,103,103,2024-10-12,26.2,38.1,5.7,48.2,1.305,1.498,1.208,2.035,2024,10,12,5,1048.0,11290.32258064516,2850.0,569.216854,304.06600000000003,543.1779999999999
104,104,104,104,2024-10-13,25.8,37.6,5.6,47.6,1.311,1.479,1.208,2.017,2024,10,13,6,1032.0,11290.32258064516,2800.0,562.9204480000001,299.552,536.9920000000001
105,105,105,105,2024-10-14,25.7,36.6,5.6,47.1,1.318,1.491,1.202,2.019,2024,10,14,0,1028.0,11290.32258064516,2800.0,555.3174720000001,298.6080000000001,528.938
106,106,106,106,2024-10-15,25.0,37.0,5.7,46.8,1.33,1.502,1.218,2.047,2024,10,15,1,1000.0,11290.32258064516,2850.0,554.4325,292.75000000000006,527.5
107,107,107,107,2024-10-16,25.4,37.2,5.3,47.3,1.31,1.475,1.225,2.001,2024,10,16,2,1016.0,11290.32258064516,2650.0,556.3418640000002,293.53800000000007,531.5120000000001
108,108,108,108,2024-10-17,25.6,36.9,5.2,46.8,1.321,1.482,1.248,2.03,2024,10,17,3,1024.0,11290.32258064516,2600.0,554.948128,294.68800000000005,530.5360000000001
109,109,109,109,2024-10-18,26.4,37.1,5.5,47.7,1.314,1.495,1.248,2.035,2024,10,18,4,1056.0,11290.32258064516,2750.0,562.51792,304.4800000000001,537.0559999999999
110,110,110,110,2024-10-19,26.6,38.3,6.0,48.6,1.317,1.499,1.218,2.053,2024,10,19,5,1064.0,11290.32258064516,3000.0,574.29468,310.0400000000001,547.122
111,111,111,111,2024-10-20,25.9,38.2,6.0,48.3,1.319,1.483,1.183,2.026,2024,10,20,6,1036.0,11290.32258064516,3000.0,569.53828,303.46000000000004,542.062
112,112,112,112,2024-10-21,26.6,37.9,5.6,48.4,1.333,1.498,1.208,2.046,2024,10,21,0,1064.0,11290.32258064516,2800.0,569.711584,307.10400000000004,544.186
113,113,113,113,2024-10-22,25.7,37.4,5.7,47.5,1.32,1.49,1.238,2.037,2024,10,22,1,1028.0,11290.32258064516,2850.0,561.393726,299.35100000000006,534.8820000000001
114,114,114,114,2024-10-23,26.3,38.2,6.1,48.1,1.327,1.514,1.214,2.079,2024,10,23,2,1052.0,11290.32258064516,3050.0,572.3174260000001,307.95699999999994,544.5340000000001
115,115,115,115,2024-10-24,26.0,37.0,5.5,47.4,1.319,1.496,1.22,2.032,2024,10,24,3,1040.0,11290.32258064516,2750.0,559.441,300.7000000000001,533.8000000000001
116,116,116,116,2024-10-25,25.6,37.3,5.9,47.8,1.328,1.501,1.23,2.036,2024,10,25,4,1024.0,11290.32258064516,2950.0,561.034792,299.8960000000001,533.512
117,117,117,117,2024-10-26,26.1,38.3,5.9,48.6,1.317,1.491,1.217,2.032,2024,10,26,5,1044.0,11290.32258064516,2950.0,570.9388170000001,304.601,544.037
118,118,118,118,2024-10-27,25.9,37.8,5.6,48.1,1.304,1.506,1.22,2.03,2024,10,27,6,1036.0,11290.32258064516,2800.0,564.908512,300.4960000000001,539.0979999999998
119,119,119,119,2024-10-28,25.1,37.7,5.6,47.4,1.318,1.478,1.198,2.016,2024,10,28,0,1004.0,11290.32258064516,2800.0,559.504112,292.9440000000001,533.3729999999999
120,120,120,120,2024-10-29,25.7,37.4,5.4,47.7,1.326,1.496,1.199,2.024,2024,10,29,1,1028.0,11290.32258064516,2700.0,559.998372,297.122,534.8820000000001
121,121,121,121,2024-10-30,25.9,38.3,5.5,48.2,1.321,1.51,1.198,2.047,2024,10,30,2,1036.0,11290.32258064516,2750.0,567.948835,299.755,542.803
122,122,122,122,2024-10-31,26.3,38.4,5.6,48.4,1.317,1.515,1.247,2.062,2024,10,31,3,1052.0,11290.32258064516,2800.0,571.431552,304.2720000000001,546.008
123,123,123,123,2024-11-01,27.0,38.4,5.6,48.5,1.302,1.502,1.212,2.055,2024,11,1,4,1080.0,11666.666666666666,2800.0,575.50208,310.88000000000005,550.32
124,124,124,124,2024-11-02,25.2,37.0,5.4,46.8,1.313,1.502,1.172,2.033,2024,11,2,5,1008.0,11666.666666666666,2700.0,554.20696,292.392,528.76
125,125,125,125,2024-11-03,26.3,39.2,5.8,49.2,1.314,1.512,1.223,2.05,2024,11,3,6,1052.0,11666.666666666666,2900.0,577.8935680000001,305.7460000000001,551.904
126,126,126,126,2024-11-04,25.6,38.5,5.8,48.3,1.305,1.5,1.187,2.033,2024,11,4,0,1024.0,11666.666666666666,2900.0,568.9784800000001,299.1520000000001,542.44
127,127,127,127,2024-11-05,25.4,37.6,5.7,47.6,1.315,1.508,1.251,2.041,2024,11,5,1,1016.0,11666.666666666666,2850.0,561.0297280000001,296.52200000000005,534.4960000000001
128,128,128,128,2024-11-06,26.0,38.1,5.3,48.3,1.317,1.491,1.229,2.023,2024,11,6,2,1040.0,11666.666666666666,2650.0,566.21718,299.22,541.94
129,129,129,129,2024-11-07,26.1,38.5,5.3,48.3,1.315,1.522,1.204,2.057,2024,11,7,3,1044.0,11666.666666666666,2650.0,569.6027050000001,300.1670000000001,545.515
130,130,130,130,2024-11-08,26.2,38.0,5.4,48.4,1.318,1.507,1.203,2.03,2024,11,8,4,1048.0,11666.666666666666,2700.0,567.1482400000001,301.85200000000003,542.44
131,131,131,131,2024-11-09,25.9,38.4,5.7,48.3,1.314,1.498,1.253,2.046,2024,11,9,5,1036.0,11666.666666666666,2850.0,569.5619920000001,301.2370000000001,543.544
132,132,132,132,2024-11-10,26.2,39.2,5.7,49.0,1.34,1.523,1.242,2.08,2024,11,10,6,1048.0,11666.666666666666,2850.0,576.872128,304.06600000000003,551.296
133,133,133,133,2024-11-11,25.1,36.4,5.5,46.6,1.335,1.511,1.248,2.043,2024,11,11,0,1004.0,11666.666666666666,2750.0,549.8360200000001,292.195,523.636
134,134,134,134,2024-11-12,25.5,37.1,5.7,47.2,1.332,1.485,1.229,2.035,2024,11,12,1,1020.0,11666.666666666666,2850.0,558.105485,297.4650000000001,531.3950000000001
135,135,135,135,2024-11-13,26.1,38.0,5.8,48.2,1.336,1.504,1.197,2.052,2024,11,13,2,1044.0,11666.666666666666,2900.0,568.39444,303.8620000000001,541.8199999999999
136,136,136,136,2024-11-14,26.2,38.4,5.4,48.5,1.32,1.488,1.229,2.027,2024,11,14,3,1048.0,11666.666666666666,2700.0,569.940832,301.85200000000003,545.3919999999999
137,137,137,137,2024-11-15,25.7,38.0,5.6,48.0,1.322,1.521,1.217,2.055,2024,11,15,4,1028.0,11666.666666666666,2800.0,565.13696,298.6080000000001,539.3399999999999
138,138,138,138,2024-11-16,25.9,38.2,5.4,48.3,1.331,1.504,1.195,2.038,2024,11,16,5,1036.0,11666.666666666666,2700.0,566.790652,299.014,542.062
139,139,139,139,2024-11-17,26.4,37.7,5.9,48.0,1.338,1.53,1.221,2.087,2024,11,17,6,1056.0,11666.666666666666,2950.0,568.525152,307.42400000000004,541.472
140,140,140,140,2024-11-18,26.1,38.3,6.0,48.7,1.302,1.517,1.204,2.04,2024,11,18,0,1044.0,11666.666666666666,3000.0,571.39478,305.34000000000003,544.037
141,141,141,141,2024-11-19,28.2,40.6,5.9,50.8,1.333,1.539,1.185,2.11,2024,11,19,1,1128.0,11666.666666666666,2950.0,598.6710280000001,324.362,573.508
142,142,142,142,2024-11-20,27.6,39.9,5.9,50.1,1.327,1.525,1.212,2.091,2024,11,20,2,1104.0,11666.666666666666,2950.0,590.548316,318.7160000000001,564.8760000000001
143,143,143,143,2024-11-21,26.9,38.4,5.8,48.3,1.332,1.531,1.219,2.107,2024,11,21,3,1076.0,11666.666666666666,2900.0,575.8211680000001,311.39799999999997,549.704
144,144,144,144,2024-11-22,27.7,39.9,5.9,50.2,1.327,1.514,1.171,2.074,2024,11,22,4,1108.0,11666.666666666666,2950.0,591.1138569999999,319.657,565.477
145,145,145,145,2024-11-23,26.9,38.9,5.9,49.2,1.333,1.53,1.214,2.086,2024,11,23,5,1076.0,11666.666666666666,2950.0,579.710819,312.12899999999996,553.3589999999999
146,146,146,146,2024-11-24,26.0,37.2,5.6,47.3,1.329,1.511,1.191,2.06,2024,11,24,6,1040.0,11666.666666666666,2800.0,561.3043200000001,301.44000000000005,535.2800000000001
147,147,147,147,2024-11-25,26.7,39.3,5.6,49.2,1.314,1.507,1.188,2.049,2024,11,25,0,1068.0,11666.666666666666,2800.0,579.9851360000001,308.0480000000001,555.0690000000001
148,148,148,148,2024-11-26,25.8,38.0,5.7,47.9,1.317,1.508,1.202,2.048,2024,11,26,1,1032.0,11666.666666666666,2850.0,566.18228,300.29400000000004,539.96
149,149,149,149,2024-11-27,26.3,38.5,5.5,48.6,1.348,1.539,1.211,2.088,2024,11,27,2,1052.0,11666.666666666666,2750.0,571.674025,303.535,546.745
150,150,150,150,2024-11-28,27.6,40.1,5.5,50.0,1.354,1.53,1.215,2.109,2024,11,28,3,1104.0,11666.666666666666,2750.0,590.17618,315.8200000000001,566.3240000000001
151,151,151,151,2024-11-29,29.5,42.4,5.7,52.3,1.348,1.516,1.259,2.129,2024,11,29,4,1180.0,11666.666666666666,2850.0,617.06656,335.18499999999995,593.9199999999998
152,152,152,152,2024-11-30,29.0,42.1,5.8,51.9,1.33,1.509,1.228,2.105,2024,11,30,5,1160.0,11666.666666666666,2900.0,612.75322,331.18,588.9100000000001
153,153,153,153,2024-12-01,28.6,42.4,5.7,51.9,1.352,1.518,1.218,2.118,2024,12,1,6,1144.0,11290.32258064516,2850.0,612.1780480000001,326.69800000000004,588.7359999999999
154,154,154,154,2024-12-02,28.2,41.3,5.5,51.2,1.343,1.497,1.202,2.081,2024,12,2,0,1128.0,11290.32258064516,2750.0,601.71463,321.49000000000007,578.5340000000001
155,155,155,155,2024-12-03,28.2,41.4,5.7,51.3,1.31,1.497,1.191,2.06,2024,12,3,1,1128.0,11290.32258064516,2850.0,603.234636,322.92600000000004,579.252
156,156,156,156,2024-12-04,28.4,40.7,5.8,51.0,1.325,1.533,1.212,2.1,2024,12,4,2,1136.0,11290.32258064516,2900.0,600.038104,325.528,575.412
157,157,157,157,2024-12-05,29.4,41.4,5.7,51.8,1.35,1.525,1.231,2.121,2024,12,5,3,1176.0,11290.32258064516,2850.0,609.865812,334.242,586.284
158,158,158,158,2024-12-06,29.5,42.3,5.8,52.5,1.33,1.513,1.198,2.099,2024,12,6,4,1180.0,11290.32258064516,2900.0,616.80853,335.89000000000004,593.215
159,159,159,159,2024-12-07,28.3,42.3,5.9,51.6,1.334,1.539,1.212,2.128,2024,12,7,5,1132.0,11290.32258064516,2950.0,610.699831,325.3030000000001,586.2910000000002
160,160,160,160,2024-12-08,28.6,41.0,5.4,51.0,1.313,1.504,1.212,2.074,2024,12,8,6,1144.0,11290.32258064516,2700.0,601.48804,324.55600000000004,578.74
161,161,161,161,2024-12-09,27.5,40.7,5.8,50.3,1.34,1.529,1.206,2.112,2024,12,9,0,1100.0,11290.32258064516,2900.0,595.01065,317.05000000000007,570.0750000000002
162,162,162,162,2024-12-10,28.3,41.4,5.6,51.0,1.329,1.541,1.203,2.123,2024,12,10,1,1132.0,11290.32258064516,2800.0,603.3670719999999,323.1520000000001,579.838
163,163,163,163,2024-12-11,28.4,42.1,5.7,51.7,1.328,1.521,1.226,2.105,2024,12,11,2,1136.0,11290.32258064516,2850.0,609.0661480000001,324.8120000000001,585.436
164,164,164,164,2024-12-12,29.5,42.6,5.5,52.4,1.315,1.521,1.216,2.105,2024,12,12,3,1180.0,11290.32258064516,2750.0,617.5868499999999,333.7749999999999,595.3299999999999
165,165,165,165,2024-12-13,28.4,42.0,5.7,51.3,1.328,1.539,1.19,2.125,2024,12,13,4,1136.0,11290.32258064516,2850.0,608.39096,324.8120000000001,584.7199999999999
166,166,166,166,2024-12-14,29.1,43.0,5.6,52.7,1.312,1.53,1.213,2.102,2024,12,14,5,1164.0,11290.32258064516,2800.0,618.5012800000001,330.7040000000001,595.8699999999999
167,167,167,167,2024-12-15,28.4,42.9,6.1,51.9,1.338,1.519,1.211,2.128,2024,12,15,6,1136.0,11290.32258064516,3050.0,616.1029960000001,327.676,591.164
168,168,168,168,2024-12-16,28.6,42.1,5.6,51.8,1.323,1.519,1.211,2.095,2024,12,16,0,1144.0,11290.32258064516,2800.0,609.7447360000001,325.98400000000004,586.594
169,169,169,169,2024-12-17,29.1,42.0,5.7,51.7,1.337,1.526,1.218,2.129,2024,12,17,1,1164.0,11290.32258064516,2850.0,612.21954,331.41300000000007,588.78
170,170,170,170,2024-12-18,29.1,42.0,5.7,51.9,1.325,1.531,1.217,2.116,2024,12,18,2,1164.0,11290.32258064516,2850.0,612.21954,331.41300000000007,588.78
171,171,171,171,2024-12-19,29.1,42.3,5.8,52.6,1.31,1.522,1.217,2.081,2024,12,19,3,1164.0,11290.32258064516,2900.0,614.634394,332.122,590.907
172,172,172,172,2024-12-20,29.1,42.9,6.0,52.4,1.334,1.543,1.214,2.143,2024,12,20,4,1164.0,11290.32258064516,3000.0,619.4513400000001,333.5400000000001,595.1610000000001
173,173,173,173,2024-12-21,28.3,42.2,5.6,52.2,1.304,1.54,1.201,2.08,2024,12,21,5,1132.0,11290.32258064516,2800.0,608.7818560000001,323.1520000000001,585.5740000000001
174,174,174,174,2024-12-22,28.3,42.0,5.8,51.6,1.325,1.541,1.212,2.118,2024,12,22,6,1132.0,11290.32258064516,2900.0,608.2598800000001,324.586,584.14
175,175,175,175,2024-12-23,28.3,42.4,5.9,51.8,1.33,1.532,1.215,2.116,2024,12,23,0,1132.0,11290.32258064516,2950.0,611.374528,325.3030000000001,587.0079999999999
176,176,176,176,2024-12-24,29.1,43.6,5.8,53.2,1.31,1.526,1.182,2.097,2024,12,24,1,1164.0,11290.32258064516,2900.0,623.316808,332.122,600.124
177,177,177,177,2024-12-25,29.1,43.5,6.3,53.5,1.325,1.53,1.233,2.111,2024,12,25,2,1164.0,11290.32258064516,3150.0,624.651855,335.66700000000003,599.4150000000001
178,178,178,178,2024-12-26,29.0,43.2,5.8,53.0,1.306,1.506,1.217,2.076,2024,12,26,3,1160.0,11290.32258064516,2900.0,620.1102400000001,331.18,596.7200000000001
179,179,179,179,2024-12-27,28.8,44.0,5.9,53.1,1.329,1.533,1.27,2.133,2024,12,27,4,1152.0,11290.32258064516,2950.0,624.80448,330.0080000000001,601.2800000000001
180,180,180,180,2024-12-28,28.1,42.2,6.2,51.5,1.329,1.54,1.226,2.134,2024,12,28,5,1124.0,11290.32258064516,3100.0,610.1840840000001,325.57800000000003,584.4180000000001
181,181,181,181,2024-12-29,27.9,40.8,6.4,51.4,1.321,1.562,1.252,2.116,2024,12,29,6,1116.0,11290.32258064516,3200.0,600.485248,325.144,573.1679999999999
182,182,182,182,2024-12-30,26.3,40.4,6.3,50.1,1.309,1.519,1.19,2.062,2024,12,30,0,1052.0,11290.32258064516,3150.0,588.4208759999999,309.43100000000004,560.748
183,183,183,183,2024-12-31,28.3,41.4,6.1,51.4,1.314,1.549,1.213,2.114,2024,12,31,1,1132.0,11290.32258064516,3050.0,605.4678819999999,326.73699999999997,579.838
184,184,184,184,2025-01-01,26.7,37.6,6.6,48.7,1.297,1.556,1.265,2.086,2025,1,1,2,2002.5,11290.32258064516,3300.0,572.795872,315.37800000000004,542.608
185,185,185,185,2025-01-02,26.9,39.6,6.1,49.4,1.316,1.561,1.185,2.11,2025,1,2,3,2017.5,11290.32258064516,3050.0,585.408964,313.59099999999984,558.476
186,186,186,186,2025-01-03,27.6,40.4,6.4,50.2,1.311,1.533,1.247,2.115,2025,1,3,4,2070.0,11290.32258064516,3200.0,596.112256,322.33600000000007,568.4959999999999
187,187,187,187,2025-01-04,27.7,39.6,6.2,50.2,1.306,1.509,1.21,2.061,2025,1,4,5,2077.5,11290.32258064516,3100.0,590.3829039999999,321.82599999999996,563.3079999999999
188,188,188,188,2025-01-05,28.3,41.2,6.2,51.7,1.331,1.534,1.208,2.095,2025,1,5,6,2122.5,11290.32258064516,3100.0,604.5429520000001,327.454,578.404
189,189,189,189,2025-01-06,28.1,42.2,6.1,51.8,1.327,1.532,1.235,2.111,2025,1,6,0,2107.5,11290.32258064516,3050.0,609.7685020000001,324.85900000000004,584.4180000000001
190,190,190,190,2025-01-07,27.5,41.2,5.9,51.2,1.309,1.519,1.195,2.061,2025,1,7,1,2062.5,11290.32258064516,2950.0,598.8516999999999,317.77500000000003,573.7
191,191,191,191,2025-01-08,28.3,41.3,5.8,51.7,1.312,1.55,1.23,2.094,2025,1,8,2,2122.5,11290.32258064516,2900.0,603.531982,324.586,579.121
192,192,192,192,2025-01-09,28.6,41.3,6.0,51.7,1.32,1.523,1.231,2.091,2025,1,9,3,2145.0,11290.32258064516,3000.0,606.0290800000001,328.84000000000003,580.8820000000002
193,193,193,193,2025-01-10,28.9,42.5,6.2,52.6,1.328,1.553,1.234,2.131,2025,1,10,4,2167.5,11290.32258064516,3100.0,616.52215,333.082,591.175
194,194,194,194,2025-01-11,29.5,43.6,6.4,53.5,1.308,1.532,1.195,2.112,2025,1,11,5,2212.5,11290.32258064516,3200.0,627.82768,340.12,602.3799999999999
195,195,195,195,2025-01-12,28.6,43.5,6.5,53.4,1.315,1.55,1.179,2.108,2025,1,12,6,2145.0,11290.32258064516,3250.0,622.8116500000001,332.40999999999997,596.59
196,196,196,196,2025-01-13,29.0,43.2,6.0,52.8,1.338,1.55,1.204,2.138,2025,1,13,0,2175.0,11290.32258064516,3000.0,620.9168000000001,332.60000000000014,596.7200000000001
197,197,197,197,2025-01-14,30.1,44.9,6.0,54.5,1.327,1.543,1.195,2.136,2025,1,14,1,2257.5,11290.32258064516,3000.0,637.95994,342.94,614.851
198,198,198,198,2025-01-15,30.3,44.3,5.9,54.3,1.318,1.551,1.162,2.126,2025,1,15,2,2272.5,11290.32258064516,2950.0,634.676511,344.12299999999993,611.771
199,199,199,199,2025-01-16,30.8,44.4,6.0,54.6,1.311,1.569,1.196,2.146,2025,1,16,3,2310.0,11290.32258064516,3000.0,638.33312,349.52000000000004,615.248
200,200,200,200,2025-01-17,29.7,44.9,5.7,54.4,1.325,1.553,1.211,2.132,2025,1,17,4,2227.5,11290.32258064516,2850.0,634.726121,337.071,612.6469999999999
201,201,201,201,2025-01-18,29.7,45.1,5.4,54.7,1.313,1.544,1.189,2.104,2025,1,18,5,2227.5,11290.32258064516,2700.0,634.894138,334.962,614.053
202,202,202,202,2025-01-19,30.3,45.5,6.2,55.3,1.322,1.554,1.225,2.141,2025,1,19,6,2272.5,11290.32258064516,3100.0,643.68663,346.214,620.135
203,203,203,203,2025-01-20,30.4,44.9,6.0,54.9,1.315,1.545,1.256,2.131,2025,1,20,0,2280.0,11290.32258064516,3000.0,639.51376,345.76000000000005,616.504
204,204,204,204,2025-01-21,30.6,45.0,5.9,55.1,1.346,1.576,1.188,2.162,2025,1,21,1,2295.0,11290.32258064516,2950.0,640.8203,346.9460000000001,618.3000000000001
205,205,205,205,2025-01-22,29.8,44.6,6.0,54.5,1.344,1.548,1.26,2.139,2025,1,22,2,2235.0,11290.32258064516,3000.0,634.42648,340.12000000000006,611.092
206,206,206,206,2025-01-23,30.0,44.3,5.9,54.3,1.338,1.559,1.229,2.145,2025,1,23,3,2250.0,11290.32258064516,2950.0,633.1040999999999,341.30000000000007,610.1
207,207,207,207,2025-01-24,30.5,44.8,5.7,54.4,1.348,1.559,1.199,2.168,2025,1,24,4,2287.5,11290.32258064516,2850.0,638.22748,344.615,616.3599999999999
208,208,208,208,2025-01-25,30.6,45.7,6.0,55.7,1.346,1.542,1.196,2.132,2025,1,25,5,2295.0,11290.32258064516,3000.0,645.7685200000001,347.64000000000004,623.1580000000001
209,209,209,209,2025-01-26,30.4,45.0,6.2,55.0,1.369,1.54,1.255,2.158,2025,1,26,6,2280.0,11290.32258064516,3100.0,640.9336,347.1520000000001,617.1999999999999
210,210,210,210,2025-01-27,29.8,44.2,5.9,54.1,1.326,1.548,1.259,2.135,2025,1,27,0,2235.0,11290.32258064516,2950.0,631.395244,339.4180000000001,608.284
211,211,211,211,2025-01-28,30.9,44.9,6.2,54.9,1.356,1.56,1.216,2.177,2025,1,28,1,2317.5,11290.32258064516,3100.0,642.8649420000002,351.842,619.259
212,212,212,212,2025-01-29,30.6,45.6,5.7,55.3,1.348,1.57,1.207,2.166,2025,1,29,2,2295.0,11290.32258064516,2850.0,643.983552,345.55800000000005,622.464
213,213,213,213,2025-01-30,31.1,45.3,5.9,55.9,1.346,1.543,1.227,2.132,2025,1,30,3,2332.5,11290.32258064516,2950.0,645.3530969999998,351.65099999999995,623.117
214,214,214,214,2025-01-31,31.5,45.4,6.2,55.8,1.321,1.552,1.254,2.147,2025,1,31,4,2362.5,11290.32258064516,3100.0,649.17862,357.46999999999997,625.9899999999999
215,215,215,215,2025-02-01,30.2,45.2,6.0,55.1,1.353,1.545,1.209,2.14,2025,2,1,5,2265.0,12500.0,3000.0,640.44624,343.88000000000005,617.4960000000001
216,216,216,216,2025-02-02,30.6,45.8,5.9,55.7,1.318,1.542,1.236,2.122,2025,2,2,6,2295.0,12500.0,2950.0,646.0447320000001,346.9460000000001,623.8520000000001
217,217,217,217,2025-02-03,30.7,44.7,5.8,55.0,1.34,1.541,1.239,2.132,2025,2,3,0,2302.5,12500.0,2900.0,638.998282,347.194,616.771
218,218,218,218,2025-02-04,30.1,44.6,5.9,54.3,1.365,1.552,1.209,2.165,2025,2,4,1,2257.5,12500.0,2950.0,635.601514,342.24100000000004,612.7539999999999
219,219,219,219,2025-02-05,30.5,44.8,5.7,54.7,1.367,1.578,1.263,2.188,2025,2,5,2,2287.5,12500.0,2850.0,638.22748,344.615,616.3599999999999
220,220,220,220,2025-02-06,30.0,46.1,5.8,56.1,1.346,1.553,1.219,2.124,2025,2,6,3,2250.0,12500.0,2900.0,644.5834000000001,340.60000000000014,622.7
221,221,221,221,2025-02-07,30.6,45.3,5.5,55.3,1.346,1.548,1.211,2.135,2025,2,7,4,2295.0,12500.0,2750.0,641.26099,344.1700000000001,620.382
222,222,222,222,2025-02-08,30.6,45.8,6.0,55.7,1.352,1.592,1.233,2.182,2025,2,8,5,2295.0,12500.0,3000.0,646.42088,347.64000000000004,623.8520000000001
223,223,223,223,2025-02-09,30.2,46.0,5.9,55.6,1.354,1.572,1.234,2.167,2025,2,9,6,2265.0,12500.0,2950.0,645.3182800000001,343.1820000000001,623.08
224,224,224,224,2025-02-10,30.4,44.7,6.1,54.8,1.36,1.576,1.225,2.172,2025,2,10,0,2280.0,12500.0,3050.0,638.5901680000001,346.45599999999996,615.1120000000001
225,225,225,225,2025-02-11,30.4,45.2,6.1,55.7,1.351,1.572,1.231,2.147,2025,2,11,1,2280.0,12500.0,3050.0,641.8578879999999,346.45599999999996,618.592
226,226,226,226,2025-02-12,30.3,45.4,6.2,55.4,1.347,1.559,1.202,2.151,2025,2,12,2,2272.5,12500.0,3100.0,643.032844,346.214,619.438
227,227,227,227,2025-02-13,23.1,31.5,5.9,42.5,1.303,1.45,1.248,1.959,2025,2,13,3,1732.5,12500.0,2950.0,504.314135,276.37100000000004,473.23499999999996
228,228,228,228,2025-02-14,19.4,27.1,6.0,37.8,1.279,1.373,1.203,1.829,2025,2,14,4,1455.0,12500.0,3000.0,447.68044,242.36,412.42599999999993
229,229,229,229,2025-02-15,19.7,26.3,6.1,37.2,1.261,1.347,1.202,1.814,2025,2,15,5,1477.5,12500.0,3050.0,444.28947099999993,245.98299999999995,408.189
230,230,230,230,2025-02-16,18.7,26.0,6.3,36.7,1.29,1.372,1.253,1.843,2025,2,16,6,1402.5,12500.0,3150.0,436.28206,238.21899999999997,398.38000000000005
231,231,231,231,2025-02-17,19.6,26.3,6.2,37.3,1.264,1.371,1.209,1.83,2025,2,17,0,1470.0,12500.0,3100.0,444.189976,245.84799999999996,407.45199999999994
232,232,232,232,2025-02-18,19.8,25.7,5.7,37.1,1.264,1.35,1.255,1.799,2025,2,18,1,1485.0,12500.0,2850.0,438.079502,243.714,404.114
233,233,233,233,2025-02-19,19.4,26.4,5.7,36.8,1.272,1.338,1.28,1.829,2025,2,19,2,1455.0,12500.0,2850.0,440.597312,239.94199999999998,406.78399999999993
234,234,234,234,2025-02-20,23.7,33.9,5.9,44.3,1.301,1.481,1.232,1.995,2025,2,20,3,1777.5,12500.0,2950.0,525.413237,282.01700000000005,495.65700000000004
235,235,235,235,2025-02-21,31.4,46.5,6.1,56.3,1.337,1.574,1.237,2.176,2025,2,21,4,2355.0,12500.0,3050.0,655.37761,355.846,632.9900000000001
236,236,236,236,2025-02-22,31.0,45.8,6.0,55.9,1.364,1.564,1.21,2.168,2025,2,22,5,2325.0,12500.0,3000.0,648.4588,351.40000000000003,626.02
237,237,237,237,2025-02-23,30.9,45.6,5.8,55.6,1.358,1.59,1.266,2.188,2025,2,23,6,2317.5,12500.0,2900.0,645.898432,349.078,624.096
238,238,238,238,2025-02-24,31.0,45.5,6.0,55.7,1.379,1.572,1.199,2.182,2025,2,24,0,2325.0,12500.0,3000.0,646.5130000000001,351.40000000000003,623.95
239,239,239,239,2025-02-25,31.1,45.7,5.8,55.8,1.346,1.572,1.238,2.167,2025,2,25,1,2332.5,12500.0,2900.0,647.572366,350.962,625.873
240,240,240,240,2025-02-26,30.4,44.5,6.1,54.9,1.333,1.581,1.231,2.154,2025,2,26,2,2280.0,12500.0,3050.0,637.28308,346.45599999999996,613.72
241,241,241,241,2025-02-27,30.2,44.9,5.8,54.8,1.329,1.572,1.248,2.153,2025,2,27,3,2265.0,12500.0,2900.0,637.7086840000002,342.4840000000001,615.402
242,242,242,242,2025-02-28,30.3,44.6,5.5,54.2,1.328,1.59,1.229,2.178,2025,2,28,4,2272.5,12500.0,2750.0,635.0995899999999,341.3349999999999,613.8619999999999
243,243,243,243,2025-03-01,30.3,45.2,6.0,54.5,1.356,1.587,1.207,2.204,2025,3,1,5,2272.5,11290.32258064516,3000.0,640.9613599999999,344.82,618.044
244,244,244,244,2025-03-02,29.5,44.1,6.1,53.6,1.345,1.581,1.253,2.183,2025,3,2,6,2212.5,11290.32258064516,3050.0,629.944795,338.0049999999999,605.905
245,245,245,245,2025-03-03,29.6,42.9,5.5,52.5,1.342,1.582,1.24,2.179,2025,3,3,0,2220.0,11290.32258064516,2750.0,620.12512,334.72,598.0160000000001
246,246,246,246,2025-03-04,29.7,43.2,5.5,52.8,1.341,1.563,1.231,2.16,2025,3,4,1,2227.5,11290.32258064516,2750.0,622.65772,335.66499999999996,600.696
247,247,247,247,2025-03-05,29.2,43.3,6.1,52.8,1.346,1.568,1.228,2.173,2025,3,5,2,2190.0,11290.32258064516,3050.0,623.051596,335.18800000000005,598.5640000000001
248,248,248,248,2025-03-06,29.0,41.8,5.7,51.9,1.35,1.573,1.238,2.16,2025,3,6,3,2175.0,11290.32258064516,2850.0,610.3335400000001,330.47,586.78
249,249,249,249,2025-03-07,29.8,42.9,5.9,52.7,1.36,1.576,1.22,2.19,2025,3,7,4,2235.0,11290.32258064516,2950.0,622.807678,339.4180000000001,599.1580000000001
250,250,250,250,2025-03-08,29.0,42.6,6.0,52.1,1.327,1.537,1.263,2.139,2025,3,8,5,2175.0,11290.32258064516,3000.0,616.9124,332.60000000000014,592.46
251,251,251,251,2025-03-09,28.4,41.4,5.5,51.2,1.329,1.55,1.207,2.124,2025,3,9,6,2130.0,11290.32258064516,2750.0,603.50068,323.3800000000001,580.424
252,252,252,252,2025-03-10,28.6,41.7,5.6,51.2,1.34,1.561,1.172,2.149,2025,3,10,0,2145.0,11290.32258064516,2800.0,607.0486720000001,325.98400000000004,583.738
253,253,253,253,2025-03-11,28.9,42.2,6.0,51.5,1.348,1.537,1.201,2.152,2025,3,11,1,2167.5,11290.32258064516,3000.0,613.69948,331.65999999999997,589.042
254,254,254,254,2025-03-12,27.7,41.0,5.9,50.5,1.341,1.556,1.221,2.14,2025,3,12,2,2077.5,11290.32258064516,2950.0,598.59763,319.657,573.4299999999998
255,255,255,255,2025-03-13,28.6,42.0,5.6,51.4,1.362,1.552,1.189,2.155,2025,3,13,3,2145.0,11290.32258064516,2800.0,609.0707199999999,325.98400000000004,585.88
256,256,256,256,2025-03-14,28.9,43.1,5.9,52.3,1.37,1.557,1.207,2.177,2025,3,14,4,2167.5,11290.32258064516,2950.0,619.309981,330.94899999999996,595.441
257,257,257,257,2025-03-15,27.1,40.6,6.3,50.3,1.347,1.553,1.204,2.132,2025,3,15,5,2032.5,11290.32258064516,3150.0,594.254638,316.92699999999996,566.974
258,258,258,258,2025-03-16,27.5,41.1,5.6,50.2,1.359,1.539,1.205,2.139,2025,3,16,6,2062.5,11290.32258064516,2800.0,596.8884,315.6000000000001,572.975
259,259,259,259,2025-03-17,27.2,40.1,5.7,49.3,1.343,1.521,1.197,2.115,2025,3,17,0,2040.0,11290.32258064516,2850.0,588.7841040000002,313.4960000000001,563.928
260,260,260,260,2025-03-18,26.9,39.4,5.5,48.7,1.346,1.521,1.217,2.112,2025,3,18,1,2017.5,11290.32258064516,2750.0,581.3782299999999,309.2049999999999,557.0139999999999
261,261,261,261,2025-03-19,25.7,38.4,5.9,47.6,1.346,1.509,1.236,2.1,2025,3,19,2,1927.5,11290.32258064516,2950.0,569.315592,300.83700000000005,542.312
262,262,262,262,2025-03-20,26.7,39.7,5.9,48.9,1.334,1.498,1.199,2.089,2025,3,20,3,2002.5,11290.32258064516,2950.0,584.078941,310.24700000000007,558.001
263,263,263,263,2025-03-21,27.0,40.0,5.7,49.2,1.316,1.512,1.196,2.091,2025,3,21,4,2025.0,11290.32258064516,2850.0,586.9660000000001,311.61000000000007,562.0
264,264,264,264,2025-03-22,27.7,40.3,5.3,49.8,1.316,1.479,1.227,2.059,2025,3,22,5,2077.5,11290.32258064516,2650.0,591.245443,315.3189999999999,568.3689999999999
265,265,265,265,2025-03-23,28.4,41.8,5.6,51.5,1.336,1.524,1.235,2.105,2025,3,23,6,2130.0,11290.32258064516,2800.0,606.623872,324.09600000000006,583.288
266,266,266,266,2025-03-24,27.7,40.9,5.9,51.1,1.35,1.521,1.224,2.088,2025,3,24,0,2077.5,11290.32258064516,2950.0,597.917287,319.657,572.707
267,267,267,267,2025-03-25,28.2,42.4,5.6,52.5,1.342,1.507,1.207,2.069,2025,3,25,1,2115.0,11290.32258064516,2800.0,609.591808,322.208,586.4319999999999
268,268,268,268,2025-03-26,28.7,42.3,5.5,52.5,1.326,1.498,1.231,2.06,2025,3,26,2,2152.5,11290.32258064516,2750.0,611.226055,326.2149999999999,588.5989999999999
269,269,269,269,2025-03-27,29.0,42.4,5.5,52.4,1.324,1.493,1.218,2.071,2025,3,27,3,2175.0,11290.32258064516,2750.0,613.5328,329.05000000000007,591.04
270,270,270,270,2025-03-28,29.6,43.8,5.6,53.9,1.341,1.526,1.209,2.103,2025,3,28,4,2220.0,11290.32258064516,2800.0,626.508288,335.42400000000004,604.352
271,271,271,271,2025-03-29,29.8,43.2,5.0,53.3,1.342,1.534,1.255,2.11,2025,3,29,5,2235.0,11290.32258064516,2500.0,621.2008000000001,333.1000000000001,601.264
272,272,272,272,2025-03-30,29.4,43.9,5.4,53.3,1.335,1.543,1.187,2.129,2025,3,30,6,2205.0,11290.32258064516,2700.0,625.3215640000001,332.1240000000001,603.9340000000001
273,273,273,273,2025-03-31,28.9,43.1,5.7,52.8,1.336,1.513,1.203,2.096,2025,3,31,0,2167.5,11290.32258064516,2850.0,618.500863,329.527,595.441
274,274,274,274,2025-04-01,29.5,43.4,5.1,53.4,1.314,1.52,1.223,2.08,2025,4,1,1,2212.5,11666.666666666666,2550.0,621.32053,330.955,600.9699999999999
275,275,275,275,2025-04-02,29.5,43.9,5.5,53.8,1.33,1.51,1.246,2.09,2025,4,2,2,2212.5,11666.666666666666,2750.0,626.2477749999999,333.7749999999999,604.495
276,276,276,276,2025-04-03,29.0,43.7,5.4,53.4,1.339,1.5,1.193,2.076,2025,4,3,3,2175.0,11666.666666666666,2700.0,621.8554200000002,328.3400000000001,600.2700000000001
277,277,277,277,2025-04-04,29.7,44.2,5.5,53.6,1.334,1.533,1.24,2.131,2025,4,4,4,2227.5,11666.666666666666,2750.0,629.3010699999999,335.66499999999996,607.726
278,278,278,278,2025-04-05,30.1,44.6,5.6,54.0,1.342,1.552,1.179,2.153,2025,4,5,5,2257.5,11666.666666666666,2800.0,634.439776,340.144,612.7539999999999
279,279,279,279,2025-04-06,29.3,45.5,5.5,54.8,1.335,1.515,1.218,2.097,2025,4,6,6,2197.5,11666.666666666666,2750.0,635.877325,331.885,614.6850000000001
280,280,280,280,2025-04-07,29.5,43.6,5.1,53.3,1.34,1.515,1.211,2.099,2025,4,7,0,2212.5,11666.666666666666,2550.0,622.6586199999999,330.955,602.3799999999999
281,281,281,281,2025-04-08,29.0,43.4,5.5,52.8,1.336,1.518,1.23,2.11,2025,4,8,1,2175.0,11666.666666666666,2750.0,620.2423,329.05000000000007,598.14
282,282,282,282,2025-04-09,29.1,43.1,5.4,52.6,1.316,1.513,1.194,2.092,2025,4,9,2,2182.5,11666.666666666666,2700.0,618.3637340000001,329.28600000000006,596.5790000000001
283,283,283,283,2025-04-10,29.0,44.4,5.5,53.8,1.329,1.517,1.184,2.09,2025,4,10,3,2175.0,11666.666666666666,2750.0,626.9518,329.05000000000007,605.24
284,284,284,284,2025-04-11,29.2,43.9,5.3,53.3,1.319,1.532,1.216,2.108,2025,4,11,4,2190.0,11666.666666666666,2650.0,623.862964,329.52400000000006,602.8120000000001
285,285,285,285,2025-04-12,29.8,45.0,5.5,54.4,1.351,1.563,1.233,2.155,2025,4,12,5,2235.0,11666.666666666666,2750.0,635.1355000000001,336.61000000000007,613.9
286,286,286,286,2025-04-13,29.7,44.6,5.3,54.1,1.332,1.541,1.227,2.123,2025,4,13,6,2227.5,11666.666666666666,2650.0,631.179486,334.25899999999996,610.5379999999999
287,287,287,287,2025-04-14,29.0,43.6,5.6,53.6,1.309,1.536,1.248,2.087,2025,4,14,0,2175.0,11666.666666666666,2800.0,621.98464,329.76000000000005,599.56
288,288,288,288,2025-04-15,28.6,43.5,5.3,52.8,1.321,1.527,1.189,2.091,2025,4,15,1,2145.0,11666.666666666666,2650.0,617.9707300000001,323.8420000000001,596.59
289,289,289,289,2025-04-16,28.5,44.0,5.8,53.2,1.348,1.56,1.206,2.145,2025,4,16,2,2137.5,11666.666666666666,2900.0,622.8231999999999,326.4699999999999,599.5999999999999
290,290,290,290,2025-04-17,28.2,43.7,5.4,52.8,1.342,1.534,1.247,2.115,2025,4,17,3,2115.0,11666.666666666666,2700.0,617.594636,320.77200000000005,595.766
291,291,291,291,2025-04-18,29.7,44.6,5.1,54.1,1.343,1.517,1.181,2.1,2025,4,18,4,2227.5,11666.666666666666,2550.0,630.4005619999999,332.85299999999995,610.5379999999999
292,292,292,292,2025-04-19,29.1,44.4,4.9,53.9,1.32,1.504,1.206,2.064,2025,4,19,5,2182.5,11666.666666666666,2450.0,625.111996,325.74100000000004,605.796
293,293,293,293,2025-04-20,28.7,44.9,4.9,53.8,1.315,1.522,1.235,2.086,2025,4,20,6,2152.5,11666.666666666666,2450.0,626.387287,321.9369999999999,607.1370000000001
294,294,294,294,2025-04-21,28.5,44.1,5.0,53.2,1.339,1.52,1.273,2.099,2025,4,21,0,2137.5,11666.666666666666,2500.0,620.2992499999999,320.75,600.3149999999999
295,295,295,295,2025-04-22,29.8,43.9,5.2,53.4,1.354,1.527,1.178,2.125,2025,4,22,1,2235.0,11666.666666666666,2600.0,626.656744,334.504,606.1780000000001
296,296,296,296,2025-04-23,29.0,44.6,4.9,53.5,1.349,1.535,1.209,2.122,2025,4,23,2,2175.0,11666.666666666666,2450.0,625.93366,324.79,606.66
297,297,297,297,2025-04-24,29.3,44.3,5.0,53.4,1.34,1.54,1.208,2.124,2025,4,24,3,2197.5,11666.666666666666,2500.0,625.89095,328.3499999999999,606.201
298,298,298,298,2025-04-25,29.4,44.3,5.2,53.9,1.326,1.534,1.195,2.1,2025,4,25,4,2205.0,11666.666666666666,2600.0,627.206584,330.7120000000001,606.7579999999999
299,299,299,299,2025-04-26,28.7,44.8,5.3,53.9,1.354,1.537,1.19,2.113,2025,4,26,5,2152.5,11666.666666666666,2650.0,627.2835279999999,324.789,606.4239999999999
300,300,300,300,2025-04-27,29.5,45.0,5.1,54.4,1.32,1.532,1.21,2.1,2025,4,27,6,2212.5,11666.666666666666,2550.0,632.0252499999999,330.955,612.25
301,301,301,301,2025-04-28,29.1,44.5,4.9,53.8,1.347,1.526,1.24,2.107,2025,4,28,0,2182.5,11666.666666666666,2450.0,625.7862550000001,325.74100000000004,606.5050000000001
302,302,302,302,2025-04-29,29.5,44.5,5.2,53.9,1.344,1.5,1.239,2.094,2025,4,29,1,2212.5,11666.666666666666,2600.0,629.0713000000001,331.65999999999997,608.7249999999999
303,303,303,303,2025-04-30,28.7,44.7,4.9,53.6,1.348,1.516,1.214,2.098,2025,4,30,2,2152.5,11666.666666666666,2450.0,625.031161,321.9369999999999,605.711
304,304,304,304,2025-05-01,29.2,44.4,5.3,53.8,1.329,1.531,1.23,2.107,2025,5,1,3,2190.0,11290.32258064516,2650.0,627.215344,329.52400000000006,606.352
305,305,305,305,2025-05-02,29.1,45.2,5.4,54.5,1.348,1.533,1.243,2.115,2025,5,2,4,2182.5,11290.32258064516,2700.0,632.448728,329.28600000000006,611.468
306,306,306,306,2025-05-03,28.9,44.9,5.5,54.0,1.319,1.521,1.213,2.093,2025,5,3,5,2167.5,11290.32258064516,2750.0,629.7858550000001,328.10499999999996,608.2389999999999
307,307,307,307,2025-05-04,29.2,45.1,5.3,54.1,1.364,1.559,1.185,2.152,2025,5,4,6,2190.0,11290.32258064516,2650.0,631.9086760000001,329.52400000000006,611.3080000000001
308,308,308,308,2025-05-05,28.8,44.3,5.1,53.5,1.358,1.552,1.213,2.131,2025,5,5,0,2160.0,11290.32258064516,2550.0,623.641784,324.31200000000007,603.4159999999999
309,309,309,309,2025-05-06,28.7,44.4,4.8,53.1,1.333,1.51,1.224,2.093,2025,5,6,1,2152.5,11290.32258064516,2400.0,622.600544,321.22399999999993,603.572
310,310,310,310,2025-05-07,29.3,44.9,5.4,54.1,1.322,1.538,1.177,2.108,2025,5,7,2,2197.5,11290.32258064516,2700.0,631.4790780000001,331.178,610.4430000000001
311,311,311,311,2025-05-08,29.7,45.5,5.5,54.7,1.342,1.56,1.191,2.146,2025,5,8,3,2227.5,11290.32258064516,2750.0,637.9374250000001,335.66499999999996,616.865
312,312,312,312,2025-05-09,30.8,46.4,5.5,55.8,1.327,1.531,1.225,2.126,2025,5,9,4,2310.0,11290.32258064516,2750.0,649.48816,346.06000000000006,629.088
313,313,313,313,2025-05-10,29.5,45.6,5.5,54.5,1.309,1.518,1.211,2.101,2025,5,10,5,2212.5,11290.32258064516,2750.0,637.5735999999999,333.7749999999999,616.4799999999999
314,314,314,314,2025-05-11,29.6,46.1,5.5,55.1,1.343,1.564,1.216,2.154,2025,5,11,6,2220.0,11290.32258064516,2750.0,641.4140800000001,334.72,620.5440000000001
315,315,315,315,2025-05-12,28.9,44.3,5.2,53.7,1.341,1.529,1.225,2.102,2025,5,12,0,2167.5,11290.32258064516,2600.0,624.5664039999999,325.9719999999999,603.9729999999998
316,316,316,316,2025-05-13,28.2,44.2,5.6,53.3,1.323,1.537,1.214,2.104,2025,5,13,1,2115.0,11290.32258064516,2800.0,621.7920640000001,322.208,599.356
317,317,317,317,2025-05-14,28.4,44.2,5.2,53.0,1.335,1.542,1.21,2.12,2025,5,14,2,2130.0,11290.32258064516,2600.0,621.247456,321.2320000000001,600.472
318,318,318,318,2025-05-15,28.7,44.2,5.1,53.5,1.327,1.519,1.291,2.093,2025,5,15,3,2152.5,11290.32258064516,2550.0,622.4365539999999,323.36299999999994,602.1459999999998
